timestamp,operation_type,key,elapsed_ms,http_code,status,node_count,key_count
1777920703,GET,keyset_a1:00473,5,200,PASS,3,1000
1777920704,GET,keyset_a1:00545,16,200,PASS,3,1000
1777920705,GET,keyset_a1:00270,2,200,PASS,3,1000
1777920706,GET,keyset_a1:00424,11,200,PASS,3,1000
1777920707,GET,keyset_a1:00635,10,200,PASS,3,1000
1777920708,GET,keyset_a1:00448,9,200,PASS,3,1000
1777920709,GET,keyset_a1:00991,13,200,PASS,3,1000
1777920710,GET,keyset_a1:00524,12,200,PASS,3,1000
1777920711,GET,keyset_a1:00677,16,200,PASS,3,1000
1777920712,GET,keyset_a1:00174,13,200,PASS,3,1000
1777920713,GET,keyset_a1:00632,8,200,PASS,3,1000
1777920714,GET,keyset_a1:00644,15,200,PASS,3,1000
1777920715,GET,keyset_a1:00772,12,200,PASS,3,1000
1777920716,GET,keyset_a1:00057,4,200,PASS,3,1000
1777920717,GET,keyset_a1:00910,5,200,PASS,3,1000
1777920718,GET,keyset_a1:00352,10,200,PASS,3,1000
1777920719,GET,keyset_a1:00625,11,200,PASS,3,1000
1777920720,GET,keyset_a1:00088,15,200,PASS,3,1000
1777920721,GET,keyset_a1:00784,15,200,PASS,3,1000
1777920722,GET,keyset_a1:00386,10,200,PASS,3,1000
1777920723,GET,keyset_a1:00042,6,200,PASS,3,1000
1777920724,GET,keyset_a1:00677,11,200,PASS,3,1000
1777920725,GET,keyset_a1:00805,8,200,PASS,3,1000
1777920726,GET,keyset_a1:00782,6,200,PASS,3,1000
1777920727,GET,keyset_a1:00396,9,200,PASS,3,1000
1777920728,GET,keyset_a1:00334,12,200,PASS,3,1000
1777920729,GET,keyset_a1:00152,13,200,PASS,3,1000
1777920730,GET,keyset_a1:00702,10,200,PASS,3,1000
1777920731,GET,keyset_a1:00476,4,200,PASS,3,1000
1777920732,GET,keyset_a1:00327,3,200,PASS,3,1000
1777920733,GET,keyset_a1:00213,6,200,PASS,3,1000
1777920734,GET,keyset_a1:00845,8,200,PASS,3,1000
1777920735,GET,keyset_a1:00120,16,200,PASS,3,1000
1777920736,GET,keyset_a1:00827,14,200,PASS,3,1000
1777920737,GET,keyset_a1:00859,10,200,PASS,3,1000
1777920738,GET,keyset_a1:00686,12,200,PASS,3,1000
1777920739,GET,keyset_a1:00449,2,200,PASS,3,1000
1777920740,GET,keyset_a1:00734,2,200,PASS,3,1000
1777920741,GET,keyset_a1:00257,6,200,PASS,3,1000
1777920742,GET,keyset_a1:00126,5,200,PASS,3,1000
1777920743,GET,keyset_a1:00475,11,200,PASS,3,1000
1777920744,GET,keyset_a1:00294,11,200,PASS,3,1000
1777920745,GET,keyset_a1:00452,12,200,PASS,3,1000
1777920746,GET,keyset_a1:00039,14,200,PASS,3,1000
1777920747,GET,keyset_a1:00488,3,200,PASS,3,1000
1777920748,GET,keyset_a1:00687,7,200,PASS,3,1000
1777920749,GET,keyset_a1:00152,14,200,PASS,3,1000
1777920750,GET,keyset_a1:00716,11,200,PASS,3,1000
1777920751,GET,keyset_a1:00179,3,200,PASS,3,1000
1777920752,GET,keyset_a1:00698,12,200,PASS,3,1000
1777920753,GET,keyset_a1:00167,7,200,PASS,3,1000
1777920754,GET,keyset_a1:00315,4,200,PASS,3,1000
1777920755,GET,keyset_a1:00199,3,200,PASS,3,1000
1777920756,GET,keyset_a1:00363,2,200,PASS,3,1000
1777920757,GET,keyset_a1:00736,16,200,PASS,3,1000
1777920758,GET,keyset_a1:00870,4,200,PASS,3,1000
1777920759,GET,keyset_a1:00545,16,200,PASS,3,1000
1777920760,GET,keyset_a1:00610,15,200,PASS,3,1000
1777920761,GET,keyset_a1:00524,8,200,PASS,3,1000
1777920762,GET,keyset_a1:00288,3,200,PASS,3,1000
1777920763,GET,keyset_a1:00060,7,200,PASS,3,1000
1777920764,GET,keyset_a1:00555,3,200,PASS,3,1000
1777920765,GET,keyset_a1:00547,8,200,PASS,3,1000
1777920766,GET,keyset_a1:00012,4,200,PASS,3,1000
1777920767,GET,keyset_a1:00249,4,200,PASS,3,1000
1777920768,GET,keyset_a1:00201,2,200,PASS,3,1000
1777920769,GET,keyset_a1:00462,16,200,PASS,3,1000
1777920770,GET,keyset_a1:00552,15,200,PASS,3,1000
1777920771,GET,keyset_a1:00002,9,200,PASS,3,1000
1777920772,GET,keyset_a1:00354,13,200,PASS,3,1000
1777920773,GET,keyset_a1:00053,7,200,PASS,3,1000
1777920774,GET,keyset_a1:00034,5,200,PASS,3,1000
1777920775,GET,keyset_a1:00307,5,200,PASS,3,1000
1777920776,GET,keyset_a1:00293,16,200,PASS,3,1000
1777920777,GET,keyset_a1:00003,13,200,PASS,3,1000
1777920778,GET,keyset_a1:00057,16,200,PASS,3,1000
1777920779,GET,keyset_a1:00244,16,200,PASS,3,1000
1777920780,GET,keyset_a1:00669,13,200,PASS,3,1000
1777920781,GET,keyset_a1:00674,14,200,PASS,3,1000
1777920782,GET,keyset_a1:00085,5,200,PASS,3,1000
1777920783,GET,keyset_a2:01093,29,200,PASS,3,5000
1777920784,GET,keyset_a2:00397,21,200,PASS,3,5000
1777920785,GET,keyset_a2:01296,9,200,PASS,3,5000
1777920786,GET,keyset_a2:00039,11,200,PASS,3,5000
1777920787,GET,keyset_a2:00236,12,200,PASS,3,5000
1777920788,GET,keyset_a2:03614,27,200,PASS,3,5000
1777920789,GET,keyset_a2:03657,13,200,PASS,3,5000
1777920790,GET,keyset_a2:02717,11,200,PASS,3,5000
1777920791,GET,keyset_a2:01341,12,200,PASS,3,5000
1777920792,GET,keyset_a2:02244,31,200,PASS,3,5000
1777920793,GET,keyset_a2:04995,20,200,PASS,3,5000
1777920794,GET,keyset_a2:02105,32,200,PASS,3,5000
1777920795,GET,keyset_a2:04924,29,200,PASS,3,5000
1777920796,GET,keyset_a2:04065,29,200,PASS,3,5000
1777920797,GET,keyset_a2:01241,25,200,PASS,3,5000
1777920798,GET,keyset_a2:02020,22,200,PASS,3,5000
1777920799,GET,keyset_a2:03023,26,200,PASS,3,5000
1777920800,GET,keyset_a2:00607,9,200,PASS,3,5000
1777920801,GET,keyset_a2:01616,25,200,PASS,3,5000
1777920802,GET,keyset_a2:03379,25,200,PASS,3,5000
1777920803,GET,keyset_a2:04658,24,200,PASS,3,5000
1777920804,GET,keyset_a2:02292,22,200,PASS,3,5000
1777920805,GET,keyset_a2:00027,17,200,PASS,3,5000
1777920806,GET,keyset_a2:03991,27,200,PASS,3,5000
1777920807,GET,keyset_a2:01676,26,200,PASS,3,5000
1777920808,GET,keyset_a2:00475,32,200,PASS,3,5000
1777920809,GET,keyset_a2:03317,30,200,PASS,3,5000
1777920810,GET,keyset_a2:02881,18,200,PASS,3,5000
1777920811,GET,keyset_a2:01221,11,200,PASS,3,5000
1777920812,GET,keyset_a2:04260,11,200,PASS,3,5000
1777920813,GET,keyset_a2:03494,29,200,PASS,3,5000
1777920814,GET,keyset_a2:00631,29,200,PASS,3,5000
1777920815,GET,keyset_a2:00106,15,200,PASS,3,5000
1777920816,GET,keyset_a2:03452,26,200,PASS,3,5000
1777920817,GET,keyset_a2:00224,17,200,PASS,3,5000
1777920818,GET,keyset_a2:04972,26,200,PASS,3,5000
1777920819,GET,keyset_a2:03518,16,200,PASS,3,5000
1777920820,GET,keyset_a2:02243,28,200,PASS,3,5000
1777920821,GET,keyset_a2:04152,20,200,PASS,3,5000
1777920822,GET,keyset_a2:00015,24,200,PASS,3,5000
1777920823,GET,keyset_a2:01579,25,200,PASS,3,5000
1777920824,GET,keyset_a2:02015,13,200,PASS,3,5000
1777920825,GET,keyset_a2:00864,22,200,PASS,3,5000
1777920826,GET,keyset_a2:04840,15,200,PASS,3,5000
1777920827,GET,keyset_a2:00435,8,200,PASS,3,5000
1777920828,GET,keyset_a2:02612,29,200,PASS,3,5000
1777920829,GET,keyset_a2:04334,32,200,PASS,3,5000
1777920830,GET,keyset_a2:00723,10,200,PASS,3,5000
1777920831,GET,keyset_a2:02883,20,200,PASS,3,5000
1777920832,GET,keyset_a2:00774,12,200,PASS,3,5000
1777920833,GET,keyset_a2:03203,21,200,PASS,3,5000
1777920834,GET,keyset_a2:01612,27,200,PASS,3,5000
1777920835,GET,keyset_a2:00035,28,200,PASS,3,5000
1777920836,GET,keyset_a2:02149,16,200,PASS,3,5000
1777920837,GET,keyset_a2:00187,24,200,PASS,3,5000
1777920838,GET,keyset_a2:03223,29,200,PASS,3,5000
1777920839,GET,keyset_a2:00395,19,200,PASS,3,5000
1777920840,GET,keyset_a2:04520,10,200,PASS,3,5000
1777920841,GET,keyset_a2:02914,8,200,PASS,3,5000
1777920842,GET,keyset_a2:04970,30,200,PASS,3,5000
1777920843,GET,keyset_a2:00367,17,200,PASS,3,5000
1777920844,GET,keyset_a2:02932,30,200,PASS,3,5000
1777920845,GET,keyset_a2:03254,26,200,PASS,3,5000
1777920846,GET,keyset_a2:04747,18,200,PASS,3,5000
1777920847,GET,keyset_a2:01783,20,200,PASS,3,5000
1777920848,GET,keyset_a2:03371,21,200,PASS,3,5000
1777920849,GET,keyset_a2:03789,13,200,PASS,3,5000
1777920850,GET,keyset_a2:01743,24,200,PASS,3,5000
1777920851,GET,keyset_a2:04059,16,200,PASS,3,5000
1777920852,GET,keyset_a2:02914,18,200,PASS,3,5000
1777920853,GET,keyset_a2:03620,17,200,PASS,3,5000
1777920854,GET,keyset_a2:02272,10,200,PASS,3,5000
1777920855,GET,keyset_a2:00050,24,200,PASS,3,5000
1777920856,GET,keyset_a2:01940,8,200,PASS,3,5000
1777920857,GET,keyset_a2:01501,14,200,PASS,3,5000
1777920858,GET,keyset_a2:00687,24,200,PASS,3,5000
1777920859,GET,keyset_a2:03224,14,200,PASS,3,5000
1777920860,GET,keyset_a2:03030,23,200,PASS,3,5000
1777920861,GET,keyset_a2:00017,16,200,PASS,3,5000
1777920862,GET,keyset_a2:04241,27,200,PASS,3,5000
1777920863,GET,keyset_a3:02539,21,200,PASS,3,10000
1777920864,GET,keyset_a3:04587,43,200,PASS,3,10000
1777920865,GET,keyset_a3:01684,16,200,PASS,3,10000
1777920866,GET,keyset_a3:04327,42,200,PASS,3,10000
1777920867,GET,keyset_a3:00813,36,200,PASS,3,10000
1777920868,GET,keyset_a3:07722,20,200,PASS,3,10000
1777920869,GET,keyset_a3:02804,47,200,PASS,3,10000
1777920870,GET,keyset_a3:05681,23,200,PASS,3,10000
1777920871,GET,keyset_a3:03662,21,200,PASS,3,10000
1777920872,GET,keyset_a3:03841,46,200,PASS,3,10000
1777920873,GET,keyset_a3:00951,20,200,PASS,3,10000
1777920874,GET,keyset_a3:09621,46,200,PASS,3,10000
1777920875,GET,keyset_a3:08060,30,200,PASS,3,10000
1777920876,GET,keyset_a3:02021,45,200,PASS,3,10000
1777920877,GET,keyset_a3:02461,48,200,PASS,3,10000
1777920878,GET,keyset_a3:05274,46,200,PASS,3,10000
1777920879,GET,keyset_a3:03422,26,200,PASS,3,10000
1777920880,GET,keyset_a3:00005,23,200,PASS,3,10000
1777920881,GET,keyset_a3:03657,24,200,PASS,3,10000
1777920882,GET,keyset_a3:01538,20,200,PASS,3,10000
1777920883,GET,keyset_a3:02907,18,200,PASS,3,10000
1777920884,GET,keyset_a3:09743,25,200,PASS,3,10000
1777920885,GET,keyset_a3:03288,33,200,PASS,3,10000
1777920886,GET,keyset_a3:05164,34,200,PASS,3,10000
1777920887,GET,keyset_a3:09858,38,200,PASS,3,10000
1777920888,GET,keyset_a3:01783,42,200,PASS,3,10000
1777920889,GET,keyset_a3:04900,41,200,PASS,3,10000
1777920890,GET,keyset_a3:00067,23,200,PASS,3,10000
1777920891,GET,keyset_a3:02978,40,200,PASS,3,10000
1777920892,GET,keyset_a3:07906,29,200,PASS,3,10000
1777920893,GET,keyset_a3:09724,32,200,PASS,3,10000
1777920894,GET,keyset_a3:04101,25,200,PASS,3,10000
1777920895,GET,keyset_a3:05748,46,200,PASS,3,10000
1777920896,GET,keyset_a3:01849,49,200,PASS,3,10000
1777920897,GET,keyset_a3:00941,35,200,PASS,3,10000
1777920898,GET,keyset_a3:00639,31,200,PASS,3,10000
1777920899,GET,keyset_a3:04374,38,200,PASS,3,10000
1777920900,GET,keyset_a3:06912,16,200,PASS,3,10000
1777920901,GET,keyset_a3:00826,36,200,PASS,3,10000
1777920902,GET,keyset_a3:01940,15,200,PASS,3,10000
1777920903,GET,keyset_a3:05574,20,200,PASS,3,10000
1777920904,GET,keyset_a3:05127,32,200,PASS,3,10000
1777920905,GET,keyset_a3:00229,15,200,PASS,3,10000
1777920906,GET,keyset_a3:00567,39,200,PASS,3,10000
1777920907,GET,keyset_a3:03913,36,200,PASS,3,10000
1777920908,GET,keyset_a3:09918,18,200,PASS,3,10000
1777920909,GET,keyset_a3:08757,41,200,PASS,3,10000
1777920910,GET,keyset_a3:00264,16,200,PASS,3,10000
1777920911,GET,keyset_a3:04716,48,200,PASS,3,10000
1777920912,GET,keyset_a3:07477,22,200,PASS,3,10000
1777920913,GET,keyset_a3:03414,16,200,PASS,3,10000
1777920914,GET,keyset_a3:01966,21,200,PASS,3,10000
1777920915,GET,keyset_a3:08905,31,200,PASS,3,10000
1777920916,GET,keyset_a3:06267,17,200,PASS,3,10000
1777920917,GET,keyset_a3:09474,31,200,PASS,3,10000
1777920918,GET,keyset_a3:05996,23,200,PASS,3,10000
1777920919,GET,keyset_a3:05053,17,200,PASS,3,10000
1777920920,GET,keyset_a3:08929,42,200,PASS,3,10000
1777920921,GET,keyset_a3:02005,23,200,PASS,3,10000
1777920922,GET,keyset_a3:07744,33,200,PASS,3,10000
1777920923,GET,keyset_a3:01769,35,200,PASS,3,10000
1777920924,GET,keyset_a3:08776,30,200,PASS,3,10000
1777920925,GET,keyset_a3:06514,20,200,PASS,3,10000
1777920926,GET,keyset_a3:09006,45,200,PASS,3,10000
1777920927,GET,keyset_a3:09849,39,200,PASS,3,10000
1777920928,GET,keyset_a3:01391,35,200,PASS,3,10000
1777920929,GET,keyset_a3:01313,40,200,PASS,3,10000
1777920930,GET,keyset_a3:01553,16,200,PASS,3,10000
1777920931,GET,keyset_a3:01427,26,200,PASS,3,10000
1777920932,GET,keyset_a3:03244,27,200,PASS,3,10000
1777920933,GET,keyset_a3:04686,38,200,PASS,3,10000
1777920934,GET,keyset_a3:05549,45,200,PASS,3,10000
1777920935,GET,keyset_a3:06004,41,200,PASS,3,10000
1777920936,GET,keyset_a3:01680,19,200,PASS,3,10000
1777920937,GET,keyset_a3:06314,47,200,PASS,3,10000
1777920938,GET,keyset_a3:08294,25,200,PASS,3,10000
1777920939,GET,keyset_a3:03183,19,200,PASS,3,10000
1777920940,GET,keyset_a3:05335,15,200,PASS,3,10000
1777920941,GET,keyset_a3:00909,29,200,PASS,3,10000
1777920942,GET,keyset_a3:03811,25,200,PASS,3,10000
1777920943,GET,keyset_b1:02744,74,200,PASS,1,5000
1777920944,GET,keyset_b1:02312,47,200,PASS,1,5000
1777920945,GET,keyset_b1:01918,51,200,PASS,1,5000
1777920946,GET,keyset_b1:00623,68,200,PASS,1,5000
1777920947,GET,keyset_b1:00842,74,200,PASS,1,5000
1777920948,GET,keyset_b1:03754,59,200,PASS,1,5000
1777920949,GET,keyset_b1:04765,37,200,PASS,1,5000
1777920950,GET,keyset_b1:04171,64,200,PASS,1,5000
1777920951,GET,keyset_b1:01134,43,200,PASS,1,5000
1777920952,GET,keyset_b1:02565,73,200,PASS,1,5000
1777920953,GET,keyset_b1:02853,56,200,PASS,1,5000
1777920954,GET,keyset_b1:02288,30,200,PASS,1,5000
1777920955,GET,keyset_b1:04617,60,200,PASS,1,5000
1777920956,GET,keyset_b1:04456,27,200,PASS,1,5000
1777920957,GET,keyset_b1:03551,66,200,PASS,1,5000
1777920958,GET,keyset_b1:02978,65,200,PASS,1,5000
1777920959,GET,keyset_b1:01683,39,200,PASS,1,5000
1777920960,GET,keyset_b1:03492,58,200,PASS,1,5000
1777920961,GET,keyset_b1:02905,27,200,PASS,1,5000
1777920962,GET,keyset_b1:04952,62,200,PASS,1,5000
1777920963,GET,keyset_b1:01416,26,200,PASS,1,5000
1777920964,GET,keyset_b1:02925,39,200,PASS,1,5000
1777920965,GET,keyset_b1:01770,36,200,PASS,1,5000
1777920966,GET,keyset_b1:02658,58,200,PASS,1,5000
1777920967,GET,keyset_b1:02400,48,200,PASS,1,5000
1777920968,GET,keyset_b1:03786,65,200,PASS,1,5000
1777920969,GET,keyset_b1:00259,27,200,PASS,1,5000
1777920970,GET,keyset_b1:03973,59,200,PASS,1,5000
1777920971,GET,keyset_b1:00362,63,200,PASS,1,5000
1777920972,GET,keyset_b1:03155,34,200,PASS,1,5000
1777920973,GET,keyset_b1:04289,51,200,PASS,1,5000
1777920974,GET,keyset_b1:02182,71,200,PASS,1,5000
1777920975,GET,keyset_b1:03896,38,200,PASS,1,5000
1777920976,GET,keyset_b1:04461,66,200,PASS,1,5000
1777920977,GET,keyset_b1:00392,42,200,PASS,1,5000
1777920978,GET,keyset_b1:00116,63,200,PASS,1,5000
1777920979,GET,keyset_b1:02515,60,200,PASS,1,5000
1777920980,GET,keyset_b1:00662,68,200,PASS,1,5000
1777920981,GET,keyset_b1:04279,40,200,PASS,1,5000
1777920982,GET,keyset_b1:01810,54,200,PASS,1,5000
1777920983,GET,keyset_b1:04948,29,200,PASS,1,5000
1777920984,GET,keyset_b1:00504,58,200,PASS,1,5000
1777920985,GET,keyset_b1:00848,59,200,PASS,1,5000
1777920986,GET,keyset_b1:04775,67,200,PASS,1,5000
1777920987,GET,keyset_b1:01163,71,200,PASS,1,5000
1777920988,GET,keyset_b1:01593,53,200,PASS,1,5000
1777920989,GET,keyset_b1:03413,38,200,PASS,1,5000
1777920990,GET,keyset_b1:03731,56,200,PASS,1,5000
1777920991,GET,keyset_b1:02803,33,200,PASS,1,5000
1777920992,GET,keyset_b1:04793,59,200,PASS,1,5000
1777920993,GET,keyset_b1:01417,50,200,PASS,1,5000
1777920994,GET,keyset_b1:03844,42,200,PASS,1,5000
1777920995,GET,keyset_b1:03011,64,200,PASS,1,5000
1777920996,GET,keyset_b1:03802,59,200,PASS,1,5000
1777920997,GET,keyset_b1:02086,27,200,PASS,1,5000
1777920998,GET,keyset_b1:01711,25,200,PASS,1,5000
1777920999,GET,keyset_b1:02774,62,200,PASS,1,5000
1777921000,GET,keyset_b1:00986,54,200,PASS,1,5000
1777921001,GET,keyset_b1:04051,41,200,PASS,1,5000
1777921002,GET,keyset_b1:02072,25,200,PASS,1,5000
1777921003,GET,keyset_b1:01102,46,200,PASS,1,5000
1777921004,GET,keyset_b1:04568,36,200,PASS,1,5000
1777921005,GET,keyset_b1:03252,69,200,PASS,1,5000
1777921006,GET,keyset_b1:01869,66,200,PASS,1,5000
1777921007,GET,keyset_b1:02854,45,200,PASS,1,5000
1777921008,GET,keyset_b1:03564,62,200,PASS,1,5000
1777921009,GET,keyset_b1:03272,27,200,PASS,1,5000
1777921010,GET,keyset_b1:00397,71,200,PASS,1,5000
1777921011,GET,keyset_b1:01381,66,200,PASS,1,5000
1777921012,GET,keyset_b1:00302,58,200,PASS,1,5000
1777921013,GET,keyset_b1:04862,47,200,PASS,1,5000
1777921014,GET,keyset_b1:04562,36,200,PASS,1,5000
1777921015,GET,keyset_b1:00421,66,200,PASS,1,5000
1777921016,GET,keyset_b1:01439,30,200,PASS,1,5000
1777921017,GET,keyset_b1:00938,68,200,PASS,1,5000
1777921018,GET,keyset_b1:04359,59,200,PASS,1,5000
1777921019,GET,keyset_b1:03323,51,200,PASS,1,5000
1777921020,GET,keyset_b1:03874,30,200,PASS,1,5000
1777921021,GET,keyset_b1:04050,53,200,PASS,1,5000
1777921022,GET,keyset_b1:02042,31,200,PASS,1,5000
1777921023,GET,keyset_b2:00567,38,200,PASS,2,5000
1777921024,GET,keyset_b2:01846,31,200,PASS,2,5000
1777921025,GET,keyset_b2:03448,36,200,PASS,2,5000
1777921026,GET,keyset_b2:02156,20,200,PASS,2,5000
1777921027,GET,keyset_b2:02409,13,200,PASS,2,5000
1777921028,GET,keyset_b2:00257,32,200,PASS,2,5000
1777921029,GET,keyset_b2:00626,19,200,PASS,2,5000
1777921030,GET,keyset_b2:03187,37,200,PASS,2,5000
1777921031,GET,keyset_b2:02825,39,200,PASS,2,5000
1777921032,GET,keyset_b2:02022,39,200,PASS,2,5000
1777921033,GET,keyset_b2:00486,19,200,PASS,2,5000
1777921034,GET,keyset_b2:00551,26,200,PASS,2,5000
1777921035,GET,keyset_b2:00104,20,200,PASS,2,5000
1777921036,GET,keyset_b2:03242,39,200,PASS,2,5000
1777921037,GET,keyset_b2:00092,15,200,PASS,2,5000
1777921038,GET,keyset_b2:02646,31,200,PASS,2,5000
1777921039,GET,keyset_b2:00968,26,200,PASS,2,5000
1777921040,GET,keyset_b2:02316,26,200,PASS,2,5000
1777921041,GET,keyset_b2:01119,38,200,PASS,2,5000
1777921042,GET,keyset_b2:03882,37,200,PASS,2,5000
1777921043,GET,keyset_b2:02850,27,200,PASS,2,5000
1777921044,GET,keyset_b2:03998,22,200,PASS,2,5000
1777921045,GET,keyset_b2:00762,29,200,PASS,2,5000
1777921046,GET,keyset_b2:00256,27,200,PASS,2,5000
1777921047,GET,keyset_b2:01519,36,200,PASS,2,5000
1777921048,GET,keyset_b2:00726,12,200,PASS,2,5000
1777921049,GET,keyset_b2:00434,39,200,PASS,2,5000
1777921050,GET,keyset_b2:03494,29,200,PASS,2,5000
1777921051,GET,keyset_b2:00638,27,200,PASS,2,5000
1777921052,GET,keyset_b2:01562,38,200,PASS,2,5000
1777921053,GET,keyset_b2:01042,15,200,PASS,2,5000
1777921054,GET,keyset_b2:00092,30,200,PASS,2,5000
1777921055,GET,keyset_b2:03932,29,200,PASS,2,5000
1777921056,GET,keyset_b2:04562,12,200,PASS,2,5000
1777921057,GET,keyset_b2:03094,38,200,PASS,2,5000
1777921058,GET,keyset_b2:03450,28,200,PASS,2,5000
1777921059,GET,keyset_b2:04841,30,200,PASS,2,5000
1777921060,GET,keyset_b2:00593,37,200,PASS,2,5000
1777921061,GET,keyset_b2:03075,34,200,PASS,2,5000
1777921062,GET,keyset_b2:04024,24,200,PASS,2,5000
1777921063,GET,keyset_b2:03591,21,200,PASS,2,5000
1777921064,GET,keyset_b2:02337,41,200,PASS,2,5000
1777921065,GET,keyset_b2:00942,24,200,PASS,2,5000
1777921066,GET,keyset_b2:04339,15,200,PASS,2,5000
1777921067,GET,keyset_b2:01469,32,200,PASS,2,5000
1777921068,GET,keyset_b2:02332,23,200,PASS,2,5000
1777921069,GET,keyset_b2:03351,15,200,PASS,2,5000
1777921070,GET,keyset_b2:02514,12,200,PASS,2,5000
1777921071,GET,keyset_b2:02647,26,200,PASS,2,5000
1777921072,GET,keyset_b2:03824,16,200,PASS,2,5000
1777921073,GET,keyset_b2:04409,33,200,PASS,2,5000
1777921074,GET,keyset_b2:02446,12,200,PASS,2,5000
1777921075,GET,keyset_b2:04769,15,200,PASS,2,5000
1777921076,GET,keyset_b2:02522,38,200,PASS,2,5000
1777921077,GET,keyset_b2:03924,33,200,PASS,2,5000
1777921078,GET,keyset_b2:01191,13,200,PASS,2,5000
1777921079,GET,keyset_b2:04287,35,200,PASS,2,5000
1777921080,GET,keyset_b2:04331,12,200,PASS,2,5000
1777921081,GET,keyset_b2:04181,18,200,PASS,2,5000
1777921082,GET,keyset_b2:01683,24,200,PASS,2,5000
1777921083,GET,keyset_b2:00730,35,200,PASS,2,5000
1777921084,GET,keyset_b2:02790,33,200,PASS,2,5000
1777921085,GET,keyset_b2:01372,26,200,PASS,2,5000
1777921086,GET,keyset_b2:04515,12,200,PASS,2,5000
1777921087,GET,keyset_b2:03546,25,200,PASS,2,5000
1777921088,GET,keyset_b2:00008,33,200,PASS,2,5000
1777921089,GET,keyset_b2:00971,27,200,PASS,2,5000
1777921090,GET,keyset_b2:01020,34,200,PASS,2,5000
1777921091,GET,keyset_b2:04469,29,200,PASS,2,5000
1777921092,GET,keyset_b2:04161,13,200,PASS,2,5000
1777921093,GET,keyset_b2:02391,18,200,PASS,2,5000
1777921094,GET,keyset_b2:03992,41,200,PASS,2,5000
1777921095,GET,keyset_b2:01946,28,200,PASS,2,5000
1777921096,GET,keyset_b2:02163,36,200,PASS,2,5000
1777921097,GET,keyset_b2:04067,32,200,PASS,2,5000
1777921098,GET,keyset_b2:04241,19,200,PASS,2,5000
1777921099,GET,keyset_b2:03188,39,200,PASS,2,5000
1777921100,GET,keyset_b2:03564,35,200,PASS,2,5000
1777921101,GET,keyset_b2:02371,30,200,PASS,2,5000
1777921102,GET,keyset_b2:01397,23,200,PASS,2,5000
1777921103,GET,keyset_b3:04242,17,200,PASS,4,5000
1777921104,GET,keyset_b3:03475,15,200,PASS,4,5000
1777921105,GET,keyset_b3:04509,6,200,PASS,4,5000
1777921106,GET,keyset_b3:04320,5,200,PASS,4,5000
1777921107,GET,keyset_b3:03270,6,200,PASS,4,5000
1777921108,GET,keyset_b3:03923,12,200,PASS,4,5000
1777921109,GET,keyset_b3:03370,14,200,PASS,4,5000
1777921110,GET,keyset_b3:04108,15,200,PASS,4,5000
1777921111,GET,keyset_b3:02265,8,200,PASS,4,5000
1777921112,GET,keyset_b3:04335,11,200,PASS,4,5000
1777921113,GET,keyset_b3:04631,17,200,PASS,4,5000
1777921114,GET,keyset_b3:03573,11,200,PASS,4,5000
1777921115,GET,keyset_b3:01191,17,200,PASS,4,5000
1777921116,GET,keyset_b3:03712,7,200,PASS,4,5000
1777921117,GET,keyset_b3:01419,4,200,PASS,4,5000
1777921118,GET,keyset_b3:00337,14,200,PASS,4,5000
1777921119,GET,keyset_b3:02641,17,200,PASS,4,5000
1777921120,GET,keyset_b3:03923,10,200,PASS,4,5000
1777921121,GET,keyset_b3:03891,14,200,PASS,4,5000
1777921122,GET,keyset_b3:04723,6,200,PASS,4,5000
1777921123,GET,keyset_b3:02193,11,200,PASS,4,5000
1777921124,GET,keyset_b3:03376,6,200,PASS,4,5000
1777921125,GET,keyset_b3:03895,14,200,PASS,4,5000
1777921126,GET,keyset_b3:03187,3,200,PASS,4,5000
1777921127,GET,keyset_b3:04681,14,200,PASS,4,5000
1777921128,GET,keyset_b3:01053,17,200,PASS,4,5000
1777921129,GET,keyset_b3:01365,13,200,PASS,4,5000
1777921130,GET,keyset_b3:02563,10,200,PASS,4,5000
1777921131,GET,keyset_b3:02714,9,200,PASS,4,5000
1777921132,GET,keyset_b3:03624,16,200,PASS,4,5000
1777921133,GET,keyset_b3:02692,4,200,PASS,4,5000
1777921134,GET,keyset_b3:04873,12,200,PASS,4,5000
1777921135,GET,keyset_b3:03249,8,200,PASS,4,5000
1777921136,GET,keyset_b3:00987,13,200,PASS,4,5000
1777921137,GET,keyset_b3:02495,5,200,PASS,4,5000
1777921138,GET,keyset_b3:02395,5,200,PASS,4,5000
1777921139,GET,keyset_b3:01213,12,200,PASS,4,5000
1777921140,GET,keyset_b3:04739,15,200,PASS,4,5000
1777921141,GET,keyset_b3:03367,5,200,PASS,4,5000
1777921142,GET,keyset_b3:01400,16,200,PASS,4,5000
1777921143,GET,keyset_b3:03711,9,200,PASS,4,5000
1777921144,GET,keyset_b3:02720,4,200,PASS,4,5000
1777921145,GET,keyset_b3:03683,14,200,PASS,4,5000
1777921146,GET,keyset_b3:00212,8,200,PASS,4,5000
1777921147,GET,keyset_b3:03410,17,200,PASS,4,5000
1777921148,GET,keyset_b3:03954,13,200,PASS,4,5000
1777921149,GET,keyset_b3:04103,6,200,PASS,4,5000
1777921150,GET,keyset_b3:03068,6,200,PASS,4,5000
1777921151,GET,keyset_b3:03102,13,200,PASS,4,5000
1777921152,GET,keyset_b3:04646,3,200,PASS,4,5000
1777921153,GET,keyset_b3:01423,3,200,PASS,4,5000
1777921154,GET,keyset_b3:00108,10,200,PASS,4,5000
1777921155,GET,keyset_b3:04781,12,200,PASS,4,5000
1777921156,GET,keyset_b3:01903,17,200,PASS,4,5000
1777921157,GET,keyset_b3:03266,6,200,PASS,4,5000
1777921158,GET,keyset_b3:00154,5,200,PASS,4,5000
1777921159,GET,keyset_b3:03251,17,200,PASS,4,5000
1777921160,GET,keyset_b3:01310,6,200,PASS,4,5000
1777921161,GET,keyset_b3:01265,9,200,PASS,4,5000
1777921162,GET,keyset_b3:02133,11,200,PASS,4,5000
1777921163,GET,keyset_b3:02646,3,200,PASS,4,5000
1777921164,GET,keyset_b3:00295,10,200,PASS,4,5000
1777921165,GET,keyset_b3:00163,10,200,PASS,4,5000
1777921166,GET,keyset_b3:01990,16,200,PASS,4,5000
1777921167,GET,keyset_b3:03558,4,200,PASS,4,5000
1777921168,GET,keyset_b3:03783,12,200,PASS,4,5000
1777921169,GET,keyset_b3:02825,13,200,PASS,4,5000
1777921170,GET,keyset_b3:00458,4,200,PASS,4,5000
1777921171,GET,keyset_b3:03159,8,200,PASS,4,5000
1777921172,GET,keyset_b3:02063,15,200,PASS,4,5000
1777921173,GET,keyset_b3:00569,17,200,PASS,4,5000
1777921174,GET,keyset_b3:03620,16,200,PASS,4,5000
1777921175,GET,keyset_b3:03832,15,200,PASS,4,5000
1777921176,GET,keyset_b3:03234,16,200,PASS,4,5000
1777921177,GET,keyset_b3:03684,4,200,PASS,4,5000
1777921178,GET,keyset_b3:01011,10,200,PASS,4,5000
1777921179,GET,keyset_b3:01060,5,200,PASS,4,5000
1777921180,GET,keyset_b3:03404,9,200,PASS,4,5000
1777921181,GET,keyset_b3:04798,6,200,PASS,4,5000
1777921182,GET,keyset_b3:02464,3,200,PASS,4,5000
1777921183,PUT,put:n1k1000:00581,29,200,PASS,1,1000
1777921184,PUT,put:n1k1000:00224,41,200,PASS,1,1000
1777921185,PUT,put:n1k1000:00449,37,200,PASS,1,1000
1777921186,PUT,put:n1k1000:00641,40,200,PASS,1,1000
1777921187,PUT,put:n1k1000:00922,40,200,PASS,1,1000
1777921188,PUT,put:n1k1000:00128,31,200,PASS,1,1000
1777921189,PUT,put:n1k1000:00609,25,200,PASS,1,1000
1777921190,PUT,put:n1k1000:00289,36,200,PASS,1,1000
1777921191,PUT,put:n1k1000:00757,24,200,PASS,1,1000
1777921192,PUT,put:n1k1000:00887,28,200,PASS,1,1000
1777921193,PUT,put:n1k1000:00246,32,200,PASS,1,1000
1777921194,PUT,put:n1k1000:00909,35,200,PASS,1,1000
1777921195,PUT,put:n1k1000:00072,34,200,PASS,1,1000
1777921196,PUT,put:n1k1000:00181,29,200,PASS,1,1000
1777921197,PUT,put:n1k1000:00262,28,200,PASS,1,1000
1777921198,PUT,put:n1k1000:00403,36,200,PASS,1,1000
1777921199,PUT,put:n1k1000:00061,40,200,PASS,1,1000
1777921200,PUT,put:n1k1000:00359,37,200,PASS,1,1000
1777921201,PUT,put:n1k1000:00570,34,200,PASS,1,1000
1777921202,PUT,put:n1k1000:00692,28,200,PASS,1,1000
1777921203,PUT,put:n1k5000:03548,29,200,PASS,1,5000
1777921204,PUT,put:n1k5000:02656,39,200,PASS,1,5000
1777921205,PUT,put:n1k5000:03609,41,200,PASS,1,5000
1777921206,PUT,put:n1k5000:00675,29,200,PASS,1,5000
1777921207,PUT,put:n1k5000:04350,27,200,PASS,1,5000
1777921208,PUT,put:n1k5000:02107,30,200,PASS,1,5000
1777921209,PUT,put:n1k5000:03441,24,200,PASS,1,5000
1777921210,PUT,put:n1k5000:02547,28,200,PASS,1,5000
1777921211,PUT,put:n1k5000:04822,29,200,PASS,1,5000
1777921212,PUT,put:n1k5000:03072,26,200,PASS,1,5000
1777921213,PUT,put:n1k5000:01358,23,200,PASS,1,5000
1777921214,PUT,put:n1k5000:01497,40,200,PASS,1,5000
1777921215,PUT,put:n1k5000:00078,39,200,PASS,1,5000
1777921216,PUT,put:n1k5000:04875,31,200,PASS,1,5000
1777921217,PUT,put:n1k5000:00492,35,200,PASS,1,5000
1777921218,PUT,put:n1k5000:02556,33,200,PASS,1,5000
1777921219,PUT,put:n1k5000:00972,27,200,PASS,1,5000
1777921220,PUT,put:n1k5000:02364,27,200,PASS,1,5000
1777921221,PUT,put:n1k5000:04572,23,200,PASS,1,5000
1777921222,PUT,put:n1k5000:04981,31,200,PASS,1,5000
1777921223,PUT,put:n1k10000:07355,28,200,PASS,1,10000
1777921224,PUT,put:n1k10000:02335,29,200,PASS,1,10000
1777921225,PUT,put:n1k10000:01457,36,200,PASS,1,10000
1777921226,PUT,put:n1k10000:00291,29,200,PASS,1,10000
1777921227,PUT,put:n1k10000:09005,26,200,PASS,1,10000
1777921228,PUT,put:n1k10000:02166,25,200,PASS,1,10000
1777921229,PUT,put:n1k10000:07268,37,200,PASS,1,10000
1777921230,PUT,put:n1k10000:06659,34,200,PASS,1,10000
1777921231,PUT,put:n1k10000:08314,30,200,PASS,1,10000
1777921232,PUT,put:n1k10000:04995,28,200,PASS,1,10000
1777921233,PUT,put:n1k10000:09692,30,200,PASS,1,10000
1777921234,PUT,put:n1k10000:00637,30,200,PASS,1,10000
1777921235,PUT,put:n1k10000:09389,24,200,PASS,1,10000
1777921236,PUT,put:n1k10000:01527,37,200,PASS,1,10000
1777921237,PUT,put:n1k10000:08631,32,200,PASS,1,10000
1777921238,PUT,put:n1k10000:02557,25,200,PASS,1,10000
1777921239,PUT,put:n1k10000:00287,27,200,PASS,1,10000
1777921240,PUT,put:n1k10000:05300,22,200,PASS,1,10000
1777921241,PUT,put:n1k10000:03477,34,200,PASS,1,10000
1777921242,PUT,put:n1k10000:09776,39,200,PASS,1,10000
1777921243,PUT,put:n2k1000:00898,29,200,PASS,2,1000
1777921244,PUT,put:n2k1000:00523,26,200,PASS,2,1000
1777921245,PUT,put:n2k1000:00979,42,200,PASS,2,1000
1777921246,PUT,put:n2k1000:00838,40,200,PASS,2,1000
1777921247,PUT,put:n2k1000:00586,29,200,PASS,2,1000
1777921248,PUT,put:n2k1000:00551,32,200,PASS,2,1000
1777921249,PUT,put:n2k1000:00890,27,200,PASS,2,1000
1777921250,PUT,put:n2k1000:00868,36,200,PASS,2,1000
1777921251,PUT,put:n2k1000:00132,30,200,PASS,2,1000
1777921252,PUT,put:n2k1000:00992,34,200,PASS,2,1000
1777921253,PUT,put:n2k1000:00885,28,200,PASS,2,1000
1777921254,PUT,put:n2k1000:00161,35,200,PASS,2,1000
1777921255,PUT,put:n2k1000:00901,37,200,PASS,2,1000
1777921256,PUT,put:n2k1000:00840,33,200,PASS,2,1000
1777921257,PUT,put:n2k1000:00860,32,200,PASS,2,1000
1777921258,PUT,put:n2k1000:00745,38,200,PASS,2,1000
1777921259,PUT,put:n2k1000:00983,37,200,PASS,2,1000
1777921260,PUT,put:n2k1000:00006,36,200,PASS,2,1000
1777921261,PUT,put:n2k1000:00265,32,200,PASS,2,1000
1777921262,PUT,put:n2k1000:00732,29,200,PASS,2,1000
1777921263,PUT,put:n2k5000:02085,43,200,PASS,2,5000
1777921264,PUT,put:n2k5000:03131,32,200,PASS,2,5000
1777921265,PUT,put:n2k5000:03325,27,200,PASS,2,5000
1777921266,PUT,put:n2k5000:00882,28,200,PASS,2,5000
1777921267,PUT,put:n2k5000:04534,29,200,PASS,2,5000
1777921268,PUT,put:n2k5000:01437,25,200,PASS,2,5000
1777921269,PUT,put:n2k5000:02534,30,200,PASS,2,5000
1777921270,PUT,put:n2k5000:04100,28,200,PASS,2,5000
1777921271,PUT,put:n2k5000:01546,26,200,PASS,2,5000
1777921272,PUT,put:n2k5000:02191,36,200,PASS,2,5000
1777921273,PUT,put:n2k5000:02468,38,200,PASS,2,5000
1777921274,PUT,put:n2k5000:02380,37,200,PASS,2,5000
1777921275,PUT,put:n2k5000:00255,34,200,PASS,2,5000
1777921276,PUT,put:n2k5000:01553,27,200,PASS,2,5000
1777921277,PUT,put:n2k5000:00897,40,200,PASS,2,5000
1777921278,PUT,put:n2k5000:02151,28,200,PASS,2,5000
1777921279,PUT,put:n2k5000:02011,24,200,PASS,2,5000
1777921280,PUT,put:n2k5000:03111,34,200,PASS,2,5000
1777921281,PUT,put:n2k5000:04417,32,200,PASS,2,5000
1777921282,PUT,put:n2k5000:04924,36,200,PASS,2,5000
1777921283,PUT,put:n2k10000:08348,30,200,PASS,2,10000
1777921284,PUT,put:n2k10000:02721,30,200,PASS,2,10000
1777921285,PUT,put:n2k10000:08531,40,200,PASS,2,10000
1777921286,PUT,put:n2k10000:01876,34,200,PASS,2,10000
1777921287,PUT,put:n2k10000:06763,32,200,PASS,2,10000
1777921288,PUT,put:n2k10000:03662,26,200,PASS,2,10000
1777921289,PUT,put:n2k10000:08341,26,200,PASS,2,10000
1777921290,PUT,put:n2k10000:02296,39,200,PASS,2,10000
1777921291,PUT,put:n2k10000:06389,42,200,PASS,2,10000
1777921292,PUT,put:n2k10000:06762,26,200,PASS,2,10000
1777921293,PUT,put:n2k10000:06049,24,200,PASS,2,10000
1777921294,PUT,put:n2k10000:00218,25,200,PASS,2,10000
1777921295,PUT,put:n2k10000:00049,26,200,PASS,2,10000
1777921296,PUT,put:n2k10000:07690,34,200,PASS,2,10000
1777921297,PUT,put:n2k10000:09009,31,200,PASS,2,10000
1777921298,PUT,put:n2k10000:06489,32,200,PASS,2,10000
1777921299,PUT,put:n2k10000:05657,30,200,PASS,2,10000
1777921300,PUT,put:n2k10000:00612,29,200,PASS,2,10000
1777921301,PUT,put:n2k10000:01911,39,200,PASS,2,10000
1777921302,PUT,put:n2k10000:06381,35,200,PASS,2,10000
1777921303,PUT,put:n4k1000:00241,29,200,PASS,4,1000
1777921304,PUT,put:n4k1000:00352,39,200,PASS,4,1000
1777921305,PUT,put:n4k1000:00353,33,200,PASS,4,1000
1777921306,PUT,put:n4k1000:00989,36,200,PASS,4,1000
1777921307,PUT,put:n4k1000:00331,44,200,PASS,4,1000
1777921308,PUT,put:n4k1000:00891,41,200,PASS,4,1000
1777921309,PUT,put:n4k1000:00665,43,200,PASS,4,1000
1777921310,PUT,put:n4k1000:00034,34,200,PASS,4,1000
1777921311,PUT,put:n4k1000:00133,46,200,PASS,4,1000
1777921312,PUT,put:n4k1000:00892,43,200,PASS,4,1000
1777921313,PUT,put:n4k1000:00312,33,200,PASS,4,1000
1777921314,PUT,put:n4k1000:00953,35,200,PASS,4,1000
1777921315,PUT,put:n4k1000:00904,40,200,PASS,4,1000
1777921316,PUT,put:n4k1000:00056,42,200,PASS,4,1000
1777921317,PUT,put:n4k1000:00244,30,200,PASS,4,1000
1777921318,PUT,put:n4k1000:00603,40,200,PASS,4,1000
1777921319,PUT,put:n4k1000:00177,34,200,PASS,4,1000
1777921320,PUT,put:n4k1000:00002,39,200,PASS,4,1000
1777921321,PUT,put:n4k1000:00754,39,200,PASS,4,1000
1777921322,PUT,put:n4k1000:00290,42,200,PASS,4,1000
1777921323,PUT,put:n4k5000:02931,31,200,PASS,4,5000
1777921324,PUT,put:n4k5000:00053,47,200,PASS,4,5000
1777921325,PUT,put:n4k5000:02100,32,200,PASS,4,5000
1777921326,PUT,put:n4k5000:00687,47,200,PASS,4,5000
1777921327,PUT,put:n4k5000:00035,39,200,PASS,4,5000
1777921328,PUT,put:n4k5000:01290,37,200,PASS,4,5000
1777921329,PUT,put:n4k5000:00040,30,200,PASS,4,5000
1777921330,PUT,put:n4k5000:02932,33,200,PASS,4,5000
1777921331,PUT,put:n4k5000:03442,29,200,PASS,4,5000
1777921332,PUT,put:n4k5000:03785,44,200,PASS,4,5000
1777921333,PUT,put:n4k5000:04751,37,200,PASS,4,5000
1777921334,PUT,put:n4k5000:03019,32,200,PASS,4,5000
1777921335,PUT,put:n4k5000:04918,44,200,PASS,4,5000
1777921336,PUT,put:n4k5000:04948,30,200,PASS,4,5000
1777921337,PUT,put:n4k5000:00864,45,200,PASS,4,5000
1777921338,PUT,put:n4k5000:04908,35,200,PASS,4,5000
1777921339,PUT,put:n4k5000:04842,45,200,PASS,4,5000
1777921340,PUT,put:n4k5000:01001,40,200,PASS,4,5000
1777921341,PUT,put:n4k5000:00928,44,200,PASS,4,5000
1777921342,PUT,put:n4k5000:03921,45,200,PASS,4,5000
1777921343,PUT,put:n4k10000:04507,38,200,PASS,4,10000
1777921344,PUT,put:n4k10000:01371,44,200,PASS,4,10000
1777921345,PUT,put:n4k10000:09331,42,200,PASS,4,10000
1777921346,PUT,put:n4k10000:00693,44,200,PASS,4,10000
1777921347,PUT,put:n4k10000:00926,39,200,PASS,4,10000
1777921348,PUT,put:n4k10000:06470,37,200,PASS,4,10000
1777921349,PUT,put:n4k10000:08612,40,200,PASS,4,10000
1777921350,PUT,put:n4k10000:03531,40,200,PASS,4,10000
1777921351,PUT,put:n4k10000:06190,47,200,PASS,4,10000
1777921352,PUT,put:n4k10000:06208,37,200,PASS,4,10000
1777921353,PUT,put:n4k10000:03746,32,200,PASS,4,10000
1777921354,PUT,put:n4k10000:05692,45,200,PASS,4,10000
1777921355,PUT,put:n4k10000:00374,46,200,PASS,4,10000
1777921356,PUT,put:n4k10000:02922,32,200,PASS,4,10000
1777921357,PUT,put:n4k10000:05305,40,200,PASS,4,10000
1777921358,PUT,put:n4k10000:03468,32,200,PASS,4,10000
1777921359,PUT,put:n4k10000:06141,33,200,PASS,4,10000
1777921360,PUT,put:n4k10000:01740,36,200,PASS,4,10000
1777921361,PUT,put:n4k10000:02766,37,200,PASS,4,10000
1777921362,PUT,put:n4k10000:03061,39,200,PASS,4,10000
1777921363,GET,notfound:00001,84,404,FAIL,1,5000
1777921364,GET,notfound:00002,89,500,FAIL,2,5000
1777921365,GET,notfound:00003,67,500,FAIL,1,5000
1777921366,GET,notfound:00004,72,404,FAIL,1,5000
1777921367,GET,notfound:00005,92,404,FAIL,1,5000
1777921368,GET,notfound:00006,112,404,FAIL,2,5000
1777921369,GET,notfound:00007,109,404,FAIL,2,5000
1777921370,GET,notfound:00008,87,404,FAIL,2,5000
1777921371,GET,notfound:00009,50,500,FAIL,3,5000
1777921372,GET,notfound:00010,122,500,FAIL,3,5000
1777921373,GET,notfound:00011,84,500,FAIL,3,5000
1777921374,GET,notfound:00012,55,404,FAIL,1,5000
1777921375,GET,notfound:00013,61,500,FAIL,3,5000
1777921376,GET,notfound:00014,87,404,FAIL,3,5000
1777921377,GET,notfound:00015,147,500,FAIL,2,5000
1777921378,GET,notfound:00016,69,500,FAIL,1,5000
1777921379,GET,notfound:00017,103,500,FAIL,3,5000
1777921380,GET,notfound:00018,91,404,FAIL,2,5000
1777921381,GET,notfound:00019,116,500,FAIL,1,5000
1777921382,GET,notfound:00020,143,404,FAIL,3,5000
1777921383,GET,notfound:00021,78,500,FAIL,3,5000
1777921384,GET,notfound:00022,116,500,FAIL,2,5000
1777921385,GET,notfound:00023,121,404,FAIL,3,5000
1777921386,GET,notfound:00024,79,500,FAIL,1,5000
1777921387,GET,notfound:00025,108,404,FAIL,2,5000
